,Time,Headline,Impact,Direction,Period
0,2021-01-18,"MERCADO ELÉCTRICO
Durante el mes de Diciembre/2020, los esfuerzos por mantener la actividad económica junto con las circunstancias
meteorológicas, han posibilitado que la demanda crezca e incluso se posicione por encima del mismo mes del año anterior,
situación única durante el año 2020. La media de OMIE se mantiene con respecto al mes anterior, mostrando solo un
encarecimiento del 0,07%, aunque se posiciona un 24,14% por encima de la media de Diciembre 2019.
En cuanto a la composición del mix, se ha reducido la importancia del ciclo combinado, en favor de la generación eólica,
mientras que la hidráulica se mantiene en niveles cercanos al mes anterior.
La hidráulica ha sido la tecnología que ha marcado el precio marginal en la mayoría de las horas de este mes, representando
un 52% del total, un 8% por encima de la media anual.
18/01/2021 - 11:18 
MERCADO DEL GAS
La demanda de gas se ha incrementado este mes, en parte debido a un aumento de la demanda de gas no destinada a la
generación eléctrica, algo históricamente habitual debido a la llegada de condiciones meteorológicas más frías. La demanda
de gas, al igual que la demanda eléctrica se ha posicionado este mes por encima del mismo mes del año 2019.
Tanto el MIBGAS como el TTF, cerraron en valores por encima del mes anterior, un 25% y 18% por encima respectivamente.
A futuros, el MIBGAS ha mostrado una elevada volatilidad, encareciéndose significativamente en los productos más próximos,
llegando casi a encarecerse unos 10 €/MWh más que el TTF. A partir del Q2 2021 en adelante, MIBGAS se relaja y ambos
índices vuelven a confluir en valores muy similares.
El Brent también se ha encarecido durante el mes de diciembre, tanto el precio spot como en el mercado de futuros,
afectando dicha variable del precio al alza. No obstante, el tipo de cambio €/$ también se ha incrementado durante el citado
mes, sin embargo, tiene un efecto contrario en el precio. Pese a la tendencia alcista, persiste aún la inquietud por la
evolución de la demanda del crudo y la evolución de la pandemia en las principales potencias mundiales.
18/01/2021 - 11:18 
EMISIONES CO2
El mercado de CO2 muestra alta volatilidad, con una horquilla entre el precio mínimo y el máximo de algo más de 4 €. El
valor de cierre finalmente se colocó 4,44 € por encima del de Noviembre/2020, superando los 30 €/t. La tendencia del
mercado de futuros refuerza la tendencia alcista del precio.
18/01/2021 - 11:18",7,Up,Mid
1,2021-11-02,"MERCADO ELÉCTRICO
El precio de la electricidad ha comenzado el año 2021 marcando máximos históricos. Durante el mes de Enero/2021, unas
condiciones meteorológicas adversas han incrementado la demanda, lo que ha producido un encareciendo en el mercado
eléctrico. La media de OMIE se ha posicionado en 60,17 €/MWh, un 43% superior al mes de Diciembre/2020. El incremento
de la demanda se cifra en un 8% respecto al mes anterior, y también se posiciona levemente por encima de la demanda de
Enero/2020.
En cuanto a la composición del mix, la generación eólica cubre el 30%, un 6% más que el mismo mes del año 2020. Sin
embargo, a pesar de ser la tecnología con mayor producción, la generación hidráulica ha sido la tecnología que con diferencia
ha marcado el mayor número de horas el precio marginal, un 56% de ellas, mientras que las renovables se posicionan en
segundo lugar, cerrando el 21%.
En cuanto a intercambios internacionales, se ha producido un decremento del 25% de las importaciones con respecto al
mismo mes del año 2020 debido a una reducción de las importaciones desde Portugal y Francia y un incremento del 80% de
las exportaciones, sobre todo desde España hacia Portugal y Andorra y Marruecos en menor grado.
11/02/2021 - 13:07 
MERCADO DEL GAS
La demanda de gas se ha incrementado este mes, debido principalmente al mayor consumo del que no se destinada a la
generación eléctrica, algo históricamente habitual debido a la llegada de condiciones meteorológicas más frías.
Paralelamente, se reduce levemente la demanda de gas del sector eléctrico. Comparativamente, se mantiene este mes por
encima del mismo mes del año 2020.
Tanto el MIBGAS como el TTF, cerraron en valores significativamente superiores a los del mes anterior. La media del MIBGAS
quedó en 28,33 €/MWh un 56% por encima del mes anterior, valor que no se había visto desde el año 2018. En cuanto al
TTF, por su parte, se encareció un 27%. A futuros, ambos valores de mantienen estables.
El Brent también se ha encarecido durante el mes de enero/2021, tanto el precio spot como en el mercado de futuros,
afectando dicha variable del precio al alza. No obstante, el tipo de cambio €/$ se ha mantenido estable durante el citado mes.
11/02/2021 - 13:07 
EMISIONES CO2
El mercado de CO2 reduce la volatilidad, con una horquilla entre el precio mínimo y el máximo de algo más de 3 €/Tn. El
valor de cierre finalmente se posicionó 2,36 €/Tn por encima del de Diciembre/2020, superando los 33 €/Tn.
11/02/2021 - 13:07",9,Up,Short
2,2021-03-15,"MERCADO ELÉCTRICO
El mes de Febrero/2021 ha sido significativamente diferente al mes de Enero/2021, sobre todo en lo relacionado a los precios
de OMIE. Los precios han variado mucho de un día a otro, además la media mensual ha cerrado a 28,49 €/MWh, un 52,64%
por debajo del precio medio de Enero/2021, mientras que la demanda se ha incrementado un 21,31% respecto al mes
anterior y se posiciona significativamente por encima de la demanda de Enero/2020.
En cuanto a la composición del mix, la generación eólica cubre el 30%, casi un 6% más que el mismo mes del año 2020. Sin
embargo, a pesar de ser la tecnología con mayor producción, la generación hidráulica sigue siendo líder marcando el mayor
número de horas del precio marginal, un 44% de ellas, mientras que las renovables se posicionan en segundo lugar, cerrando
el 36%. Esta última tecnología, marca un crecimiento de un 21% respecto a febrero 2020.
En cuanto a intercambios internacionales, se ha producido un decremento del 26% de las importaciones con respecto al
mismo mes del año 2020, mientras que las exportaciones aumentan un 190 %.
15/03/2021 - 15:48 
MERCADO DEL GAS
Al igual que el mismo mes del año 2020, la demanda de gas se reduce durante el mes de Febrero/2021, debido a una
importante bajada de la demanda no destinada a la generación eléctrica, algo históricamente habitual debido a unas
condiciones meteorológicas más suaves, además el sector eléctrico también ha reducido su demanda de gas. Como
consecuencia, la demanda global se mantiene por debajo del mismo mes del año 2020.
Tras un encarecimiento significativo en el mes de Enero/2021 de los precios spot tanto del MIBGAS como del TTF, como
consecuencia de los frentes fríos que atravesaron la península, durante Febrero/2021 se ha producido una relajación de los
mismos. La media de MIBGAS se fijó en 16,82 €/MWh un 41% por debajo del mes anterior. En cuanto al TTF, por su parte,
se ha abaratado un 14%. A futuros, ambos valores se mantienen estables.
El Brent por su parte, se encarece durante el mes de Febrero/2021, tanto el precio spot como en el mercado de futuros,
afectando dicha variable del precio al alza. Al mismo tiempo el tipo de cambio €/$ se ha mantenido estable durante el citado
mes.
15/03/2021 - 15:48 
EMISIONES CO2
El mercado de CO2 incrementa la volatilidad, con una horquilla entre el precio mínimo y el máximo de algo más de 7 €/Tn. El
valor de cierre finalmente se posicionó en 37,96 €/Tn llegando a registrar máximos casi en 40 €/Tn.
15/03/2021 - 15:48",9,Up,Short
3,2021-04-15,"MERCADO ELÉCTRICO
El mes de marzo 2021 continúa siendo atípico. La media de OMIE se encarece un 59,52% respecto al mes de febrero 2021
mientras que la demanda se mantiene prácticamente inalterable.
En cuanto a la composición del mix, la generación eólica sigue siendo líder, generando el 25,88%. Sin embargo, a pesar de
ser la tecnología con mayor producción, la generación hidráulica sigue marcando el precio marginal durante el mayor número
de horas, un 58% de ellas, mientras que las horas que determinan las renovables descienden un 10% con respecto al mes de
febrero 2021.
El mercado de futuros está al alza para todos los vencimientos, ante las expectativas de recuperación económica inminente.
Sin embargo, puede no estar fundamentada a corto plazo por el retraso en la vacunación y por la cantidad de empresas que
se cierran, lo que puede provocar una ralentización de la recuperación y una reducción en la demanda.
15/04/2021 - 17:16 
MERCADO DEL GAS
Tras un leve abaratamiento durante el mes de febrero 2021, en marzo 2021 los hubs europeos han retomado la tendencia al
alza. MIBGAS ha cerrado de media en 17,51 €/MWh un 4,16% por encima del mes anterior. En cuanto al TTF, por su parte,
solo se encarece un 1,16%. A futuros, han mostrado mayores incrementos de precio, debido a las incertidumbres del
mercado.
El Brent por su parte, se encarece levemente durante el mes de marzo/2021 en el precio spot, mostrando tendencias
diferentes en los mercados de futuros dependiendo del periodo. Sin embargo, el tipo de cambio €/$ se ha abaratado en todos
los periodos alrededor de un 2%.
La demanda de gas, se ha incrementado con respecto al mes anterior y en contraposición con el mismo mes del año 2020. La
demanda de gas destinada al sector eléctrico, se incrementa levemente, pero sigue posicionándose por debajo de la media de
los últimos 12 meses.
15/04/2021 - 17:16 
EMISIONES CO2
El mercado de CO2 muestra una fuerte tendencia al alza, cerrando en marzo 2021 en 40,98 €/Tn con un máximo cercano a
los 43 €/Tn. A corto plazo, parece poco probable una reducción en el precio, al menos hasta el mes de mayo 2021. Hasta el
30 de abril deben de entregarse los derechos correspondientes a las emisiones del año 2020. Además, con el comienzo de la
nueva fase en el comercio de emisiones de CO2, parece poco probable un abaratamiento en las próximas semanas.
15/04/2021 - 17:16",9,Up,Mid
4,2021-05-17,"MERCADO ELÉCTRICO
El mes de abril de 2021 ha marcado máximos históricos de precios para un mes de abril. La media de OMIE se encarece un
43,05% respecto al mes de marzo 2021 mientras que la demanda se reduce casi un 18%.
En cuanto a la composición del mix, la generación nuclear sigue siendo líder, generando el 21,42%. Se reduce la contribución
de la generación eólica en el mix, dejando paso a un incremento del ciclo combinado. Sin embargo, la generación hidráulica
sigue marcando el precio marginal durante el mayor número de horas, un 61% de ellas, mientras que las horas que
determinan las renovables descienden un 24 % con respecto al mes de abril 2020.
El mercado de futuros está al alza para todos los vencimientos, propiciado en gran medida por el incremento del precio del
gas y el coste del CO2.
17/05/2021 - 14:59 
MERCADO DEL GAS
En abril 2021 los hubs europeos confirman su tendencia alcista. MIBGAS ha cerrado de media en 21,04 €/MWh un 20,11%
por encima del mes anterior. En cuanto al TTF, por su parte, se encarece un 14,88%. A futuros, han mostrado mayores
incrementos de precio, debido a las incertidumbres del mercado.
El Brent por su parte, se encarece levemente durante el mes de abril/2021 en el precio spot, mostrando tendencias diferentes
en los mercados de futuros dependiendo del periodo.
La demanda de gas, se mantiene con respecto al mes anterior. La destinada al sector eléctrico se incrementa
significativamente respecto a los meses anteriores, mientras que la demanda de gas convencional se reduce debido a
condiciones meteorológicas más favorables.
17/05/2021 - 14:59 
EMISIONES CO2
El mercado de CO2 muestra una marcada tendencia al alza, cerrando en abril 2021 en 44,75 €/Tn con un máximo cercano a
los 49€/Tn. A mencionar el bajo volumen de derechos que se está negociando. No obstante, a corto plazo, parece poco
probable una reducción en el precio le cual sigue marcando precios máximos.
17/05/2021 - 14:59",9,Up,Mid
5,2021-06-23,"MERCADO ELÉCTRICO
El mes de mayo 2021 perpetua la tendencia alcista. La media de OMIE se encarece un 3,24% respecto al mes de abril 2021
mientras que la demanda peninsular se recupera levemente en 1,71%.
En cuanto a la composición del mix, la generación eólica se posiciona líder, generando el 23,71%. Sin embargo, la generación
hidráulica sigue siendo la más importante a la hora de marcar el precio marginal durante el mayor número de horas, un 57%
de ellas, mientras que las horas que determinan las renovables se mantienen un 24 %.
El mercado de futuros está al alza para todos los vencimientos, propiciado en gran medida por el incremento del precio del
gas, el coste del CO2 y una mayor demanda.
23/06/2021 - 10:10 
MERCADO DEL GAS
En mayo 2021 los hubs europeos mantienen su tendencia alcista. MIBGAS ha cerrado de media en 24,70 €/MWh un 17% por
encima del mes anterior. En cuanto al TTF, por su parte, se encarece un 23,33%. A futuros, el mercado muestra un menor
incremento de los precios, aunque se prevé un precio mayor hasta alcanzar el máximo en el primer trimestre del año 2022.
El Brent por su parte, se encarece en torno a un 5% durante el mes de mayo/2021 en el precio spot. Los futuros, han
mostrado igualmente un encarecimiento entre un 4 y 5%.
La demanda de gas se reduce con respecto al mes anterior cayendo tanto la destinada al sector eléctrico como la demanda
de gas convencional.
23/06/2021 - 10:10 
EMISIONES CO2
El mercado de CO2 continua la escalada de precios observada desde finales del año anterior. Se encarece en mayo un
15,88% respecto al mes de abril 2021, alcanzando un máximo histórico de 56,49 €/Tn.
23/06/2021 - 10:10",8,Up,Long
6,2021-07-16,"MERCADO ELÉCTRICO
El mes de Junio 2021 alcanza un nuevo récord histórico en la media de OMIE para un mes de Junio, cerrando en 83,30
€/Mwh, un 24,10% por encima del mes de Mayo 2021 y un 172,06% por encima de valor de Junio 2020.
La demanda peninsular se incrementa un 2,60% respecto al mes de mayo 2021 y se mantiene una importante diferencia
respecto a la demanda del mismo mes del año 2020.
En cuanto a la composición del mix, el ciclo combinado desbanca a la generación eólica y se posiciona líder, generando el
19,03%. Sin embargo, la generación hidráulica incrementa su importancia a la hora de marcar el precio marginal durante el
mayor número de horas, un 61% de ellas, mientras que las horas que determinan las renovables se reduce al 13%.
El mercado de futuros está al alza para todos los vencimientos, propiciado en gran medida por el incremento del precio del
gas, el coste del CO2 y una mayor demanda.
16/07/2021 - 8:48 
MERCADO DEL GAS
En junio 2021 los hubs europeos mantienen su tendencia alcista. MIBGAS ha cerrado de media en 28,67 €/MWh un 16% por
encima del mes anterior. En cuanto al TTF, por su parte, se encarece un 14,89%. A futuros, el mercado muestra un menor
incremento de los precios, aunque se prevé un precio mayor hasta alcanzar el máximo en el primer trimestre del año 2022.
El Brent por su parte, se encarece en torno a un 6% durante el mes de junio/2021 en el precio spot. Los futuros, han
mostrado igualmente un encarecimiento entre un 4 y 5%.
La demanda de gas se mantiene estable con respecto al mes anterior, reduciendo la demanda de gas convencional, mientras
se incrementar la demanda de gas destinada al sector eléctrico
16/07/2021 - 8:48 
EMISIONES CO2
El mercado de CO2 relaja la escalada de precios observada desde finales del año anterior. Se encarece en junio un 1,55%
respecto al mes de abril 2021, alcanzando un máximo mensual de 56,25 €/Tn, ligeramente por debajo del máximo alcanzado
en el mes de mayo 2021.
El mercado de futuros se mantiene estable con respecto al mes de mayo 2021.
16/07/2021 - 8:48",8,Up,Long
7,2021-08-13,"MERCADO ELÉCTRICO
El mes de Julio 2021 marca un récord histórico, la media registrada alcanzar los 92,42 €/MWh para dicho mes,
posicionándose como el mes más caro de la historia. Este valor, supone un encarecimiento del 11% respecto al mes de junio
2021 y un 167% frente a Julio 2020.
La demanda peninsular se incrementa un 9,58% respecto al mes de junio 2021 y se posiciona levemente por debajo de la
demanda de julio 2020.
En cuanto a la composición del mix, la energía nuclear se posiciona líder, generando el 23%. Sin embargo, la generación
hidráulica mantiene su importancia a la hora de marcar el precio marginal durante el mayor número de horas, un 55% de
ellas.
El mercado de futuros mantiene los niveles alcanzados en meses precedentes excepto para el Q4 2021, donde refleja un
encarecimiento del 5%, superando los 103 €/MWh previstos. Previsiones del mercado, propiciado en gran medida por un bajo
de las reservas de gas en los almacenamientos subterráneos, el incremento del precio del gas y el coste del CO2.
13/08/2021 - 14:29 
MERCADO DEL GAS
En julio 2021 los hubs europeos mantienen su tendencia alcista. MIBGAS ha cerrado de media en 36,47 €/MWh un 27% por
encima del mes anterior. En cuanto al TTF, por su parte, se encarece un 25%. A futuros, el mercado muestra un menor
incremento de los precios, aunque se prevé un precio mayor para el Q4 2021, donde alcanzaría el máximo y posteriormente
una paulatina relajación del precio.
El Brent por su parte, se encarece en torno a un 2,72% durante el mes de julio/2021 en el precio spot.
La demanda de gas se mantiene estable con respecto al mes anterior, manteniendo la demanda de gas convencional y la
destinada al sector eléctrico. No obstante, la demanda se posiciona por debajo del año anterior.
13/08/2021 - 14:29 
EMISIONES CO2
El mercado de CO2 relaja la escalada de precios observada desde finales del año anterior. Se encarece en junio un 1,50%
respecto al mes de abril 2021, alcanzando un máximo mensual de 57,77 €/Tn.
13/08/2021 - 14:29",9,Up,Mid
8,2021-09-20,"MERCADO ELÉCTRICO
El mes de Agosto 2021 marca un récord histórico, la media registrada alcanza los 105,94 €/MWh, posicionándose como el
mes más caro de la historia. Este valor, supone un encarecimiento del 14,64% respecto al mes de julio 2021, el cual marcó
también un récord histórico.
La demanda peninsular, al igual que el año anterior, cambia tendencia durante el mes de agosto y se reduce en un 3,79 %
respecto al mes de julio 2021.
En cuanto a la composición del mix, la energía nuclear continúa posicionándose líder, generando el 25,5%. Sin embargo, la
generación hidráulica mantiene su importancia a la hora de marcar el precio marginal durante el mayor número de horas, un
52% de ellas.
El mercado de futuros mantiene los niveles alcanzados en meses precedentes con encarecimientos superiores al 20% para el
año próximo.
20/09/2021 - 16:49 
MERCADO DEL GAS
En agosto 2021 los hubs europeos mantienen su tendencia alcista. MIBGAS ha cerrado de media en 44,60 €/MWh un 22%
por encima del mes anterior. En cuanto al TTF, por su parte, se encarece un 21,65%. A futuros, el mercado muestra
incrementos importantes en el precio, aunque prevé un precio mayor para el Q4 2021 y Q1 2022, donde alcanzaría el
máximo y posteriormente una paulatina relajación del precio.
El Brent por su parte, muestra una caída del 5,62 % durante el mes de agosto/2021 en el precio spot.
La demanda de gas se mantiene estable con respecto al mes anterior, reduciendo la demanda de gas convencional en favor
de un incremento de la demanda del sector eléctrico. No obstante, la demanda se posiciona por debajo del año anterior.
20/09/2021 - 16:49 
EMISIONES CO2
El mercado de CO2 continua su escalada de precios observada desde finales del año anterior. Se encarece en agosto un
5,48% respecto al mes anterior, alcanzando un máximo mensual por encima de los 60 €/Tn.
20/09/2021 - 16:49",8,Up,Mid
9,2021-10-21,"MERCADO ELÉCTRICO
El mes de septiembre 2021 marca un récord histórico, la media registrada alcanza los 156,14 €/MWh, posicionándose como
el mes más caro de la historia. Este valor, supone un encarecimiento del 47,39% respecto al mes de agosto 2021.
El valor medio del OMIE en lo que llevamos de este año, 2021, se sitúa en 86,82 €/Mwh.
La demanda peninsular, al igual que el año anterior, se reduce, en esta ocasión en un 4,84%, algo menos que el mes de
septiembre 2020.
En cuanto a la composición del mix, la energía nuclear deja de posicionarse líder, dejando paso al ciclo combinado, el cual
prácticamente el 25% de la energía del mes de septiembre 2021. No obstante, la generación hidráulica mantiene su
importancia a la hora de marcar el precio marginal durante el mayor número de horas, un 49% de ellas.
El mercado de futuros mantiene la tendencia alcista, con encarecimientos superiores al 30% para el año próximo.
21/10/2021 - 10:54 
MERCADO DEL GAS
En septiembre 2021 los hubs europeos mantienen su tendencia alcista. MIBGAS ha cerrado de media en 64,68 €/MWh un
45% por encima del mes anterior. En cuanto al TTF, por su parte, se encarece un 42,27%. A futuros, el mercado muestra
incrementos importantes en el precio, aunque prevé un precio mayor para el Q4 2021 y Q1 2022, donde alcanzaría el
máximo y posteriormente una paulatina relajación del precio.
El Brent por su parte, muestra unos encarecimientos de un 47% en el precio spot y encarecimientos de algo más del 1% para
el año próximo.
La demanda de gas se incrementa con respecto al mes anterior tanto por un incremento de la demanda de gas convencional
y un incremento de la demanda del sector eléctrico. La demanda de gas se posiciona por encima del año anterior.
21/10/2021 - 10:54 
EMISIONES CO2
El mercado de CO2 continua su escalada de precios observada desde finales del año anterior. Se encarece en septiembre un
8,03% respecto al mes anterior, alcanzando un máximo mensual de 64,31 €/Tn.
21/10/2021 - 10:54",9,Up,Mid
10,2021-11-17,"MERCADO ELÉCTRICO
La media de OMIE registrada para el mes de octubre 2021 alcanza los 200,06 €/MWh. Este valor, supone un encarecimiento
del 28,02% respecto al mes de septiembre 2021.
La demanda peninsular, continua su tendencia bajista desde Julio 2021 cuando marcó el máximo. En esta ocasión, se reduce
un 3,69%, hasta los 18.972,74 GWh.
En cuanto a la composición del mix, la energía nuclear vuelve a posicionarse líder, aportando el 23,50% de la energía del
mix. No obstante, las plantas de ciclo combinado han incrementado notablemente su aportación. La generación hidráulica
mantiene su importancia a la hora de marcar el precio marginal durante el mayor número de horas, un 47% de ellas.
El mercado de futuros cierra con un leve descenso respecto al mes anterior rompiendo la tendencia alcista. Descensos en
torno al 10%.
17/11/2021 - 12:11 
MERCADO DEL GAS
En septiembre 2021 los hubs europeos mantienen su tendencia alcista. MIBGAS ha cerrado de media en 89,70 €/MWh un
39% por encima del mes anterior. En cuanto al TTF, por su parte, se encarece un 40,70%. A futuros, el mercado muestra
una leve suavización de los precios. Para el Q1 2022 actualmente se prevé un precio medio de 64,11 €/MWh, un descenso
31,81% respecto a precio de cotización a finales del mes de Septiembre 2021.
El Brent por su parte, muestra unos encarecimientos de un 12% en el precio spot y de algo más del 13% para el año
próximo.
La demanda de gas se mantiene con respecto al mes anterior, aunque se produce un descenso del gas destinado al sector
eléctrico y paralelamente un incremento del gas destinado al uso convencional. La demanda total supera la del mes de
Octubre del año anterior.
17/11/2021 - 12:11 
EMISIONES CO2
El mercado de CO2 relaja la tendencia alcista, pero muestra poco volumen negociado. El precio cierra en 59,32 €/Tn, un
descenso del 2,61% de la cotización respecto a Septiembre 2021.
17/11/2021 - 12:11",8,Up,Mid
11,2021-12-22,"MERCADO ELÉCTRICO
La media de OMIE registrada para el mes de noviembre 2021 se sitúa en 193,43 €/MWh. Este valor, supone un
abaratamiento del 3,23 % respecto al mes de septiembre 2021. Sin embargo, esta media es un 361,25% superior a
Noviembre 2020.
La demanda peninsular, con la llegada de unas condiciones meteorológicas más frías, la demanda ha dejado atrás la
tendencia bajista y tras tres meses de bajada, se incrementa la demanda en un 7,33%.
En cuanto a la composición del mix, la producción eólica vuelve a posicionarse líder, aportando el 28,22% de la energía del
mix. La generación hidráulica mantiene su importancia a la hora de marcar el precio marginal durante el mayor número de
horas, cerrando el 41% de ellas, reduciéndose un 6% con respecto al mes anterior en favor del ciclo combinado que
incrementa su importancia en un 12% hasta cerrar el precio en el 25% de las horas.
El mercado de futuros cierra con fuertes incrementos de precio respecto al mes anterior, para el producto CAL 2022,
incrementos por encima del 35%.
22/12/2021 - 10:11 
MERCADO DEL GAS
En noviembre 2021 los hubs europeos muestran leves caídas en torno al 7%. MIBGAS cierra de media en 83,11 €/MWh
mientras que el TTF en 80,34 €/MWh. A futuros, el mercado muestra una leve suavización de los precios. Para el Q1 2022
prevé un precio medio de 91,19 €/MWh, un incremento del 42,24% respecto a precio de cotización a finales del mes de
Octubre 2021.
El Brent por su parte, muestra unos leves abaratamientos de casi un 2% en el precio spot y de algo más del 13% para el año
próximo.
La demanda de gas se incrementa con respecto al mes anterior, incrementándose tanto el gas destinado al sector eléctrico y
como el gas destinado al uso convencional.
22/12/2021 - 10:11 
EMISIONES CO2
El mercado de CO2 retoma la tendencia alcista, pero muestra poco volumen negociado. El precio cierra en 65,99 €/Tn, un
incremento del 11,26% de la cotización respecto a Octubre 2021.
22/12/2021 - 10:11",7,Down,Mid
12,2022-01-13,"MERCADO ELÉCTRICO
La media de OMIE registrada para el mes de diciembre 2021 se sitúa en 239,16 €/MWh. Este valor, supone un
encarecimiento del 23,64 % respecto al mes de noviembre 2021. Sin embargo, esta media es un 470% superior al registrado
para el mismo mes del 2020.
La demanda peninsular, con la llegada del invierno, continua la tendencia alcista iniciada el mes de noviembre, tras varios
meses de bajadas y se incrementa un 2,36% respecto al mes de noviembre 2021.
En cuanto a la composición del mix, la producción eólica vuelve a posicionarse líder, aportando el 29,21% de la energía del
mix. La generación hidráulica mantiene su importancia a la hora de marcar el precio marginal durante el mayor número de
horas, cerrando el 47% de ellas, incrementándose un 6% con respecto al mes anterior.
El mercado de futuros cierra con fuertes incrementos de precio respecto al mes anterior, para los productos del 2022,
incrementos por encima del 40%.
13/01/2022 - 15:04 
MERCADO DEL GAS
En diciembre 2021 los hubs europeos muestran fuertes encarecimientos en torno al 35%. MIBGAS cierra de media en 111,95
€/MWh mientras que el TTF en 113,47 €/MWh. A futuros, el mercado muestra una leve suavización de los precios. Para el Q2
2022 prevé un precio medio de 66,56 €/MWh, un incremento del 43,91% respecto a precio de cotización a finales del mes de
noviembre 2021.
El Brent por su parte, muestra unos leves abaratamientos de casi un 9% en el precio spot, aunque muestras incrementos de
en torno al 10% para el año 2022.
La demanda de gas muestra un leve descenso a pesar del incremento del gas destinado a uso convencional, el gas destinado
al sector eléctrico se ha reducido significativamente con respecto al mes de noviembre 2021.
13/01/2022 - 15:04 
EMISIONES CO2
El mercado de CO2 retoma la tendencia alcista, pero muestra poco volumen negociado. El precio cierra en 79,36 €/Tn, un
incremento del 20,26% de la cotización respecto a noviembre 2021.
13/01/2022 - 15:04",6,Up,Long
13,2022-02-23,"MERCADO ELÉCTRICO
La media de OMIE registrada para el mes de enero 2022 se sitúa en 201,72 €/MWh. Este valor, supone una reducción en el
precio del 15,66 % respecto al mes de diciembre 2021. Sin embargo, esta media es un 235% superior al registrado para el
mismo mes del 2021.
La demanda peninsular, con la llegada del invierno, continua la tendencia alcista iniciada el mes de noviembre, tras varios
meses de bajadas y se incrementa un 3,08% respecto al mes de diciembre 2021.
En cuanto a la composición del mix, la producción eólica vuelve a posicionarse líder, aportando el 23,16 % de la energía del
mix. La generación hidráulica mantiene su importancia a la hora de marcar el precio marginal durante el mayor número de
horas, cerrando el 57% de ellas.
El mercado de futuros cierra con significativos incrementos de precio respecto al mes anterior, para los productos del 2022,
incrementos en torno al 10%.
23/02/2022 - 11:53 
MERCADO DEL GAS
En enero 2022, los hubs europeos muestran leves abaratamientos en el precio. MIBGAS cierra de media en 82,84 €/MWh
mientras que el TTF en 83,40 €/MWh, un 26% por debajo del mes anterior. A futuros, el mercado muestra un fuerte
encarecimiento de los precios. Para el Q2 2022 prevé un precio medio de 80,83 €/MWh, un incremento del 21% respecto a
precio de cotización a finales del mes de diciembre 2021.
Paralelamente, el Brent por su parte, muestra incrementos de 18% en el precio spot e incrementos de en torno al 10% para
el año 2022.
La demanda de gas muestra un leve incremento tanto por una mayor demanda del sector eléctrico como para su uso
convencional.
23/02/2022 - 11:53 
EMISIONES CO2
El mercado de CO2 retoma la tendencia alcista. El precio cierra en 84,15 €/Tn, un incremento del 6% de la cotización
respecto a diciembre 2021.
23/02/2022 - 11:53",5,Down,Long
14,2022-03-18,"MERCADO ELÉCTRICO
La media del mercado spot eléctrico registrada para el mes de febrero 2022 se sitúa en 200,22 €/MWh. Este valor, supone
una reducción en el precio del 0,74 % respecto al mes anterior. Sin embargo, esta media es un 602,7% superior al registrado
para el mismo mes del 2021.
La demanda peninsular, tras varios meses con una tendencia alcista, ha registrado un descenso del 11,18%. En el resto de la
zona nacional se sigue la misma tendencia.
En cuanto a la composición del mix, la producción eólica pierde relevancia mientras se incrementa de forma importante la
generación mediante ciclo combinado. La nuclear se posiciona líder, generando el 22,92%. En cuanto a la generación
hidráulica, a pesar de reducir su importancia a la hora de marcar el precio marginal, sigue cerrando el precio el 45% de las
horas.
El mercado de futuros cierra con significativos incrementos de precio respecto al mes anterior, para los productos del 2022,
incrementos en torno al 17%.
18/03/2022 - 8:47 
MERCADO DEL GAS
En febrero 2022, los hubs europeos muestran leves abaratamientos en el precio. MIBGAS cierra de media en 81,26 €/MWh
mientras que el TTF en 79,90 €/MWh, un 1,92% y 4,19% respectivamente, por debajo del mes anterior. A futuros, el
mercado muestra un fuerte encarecimiento de los precios. Para el Q2 2022 prevé un precio medio de 103,17 €/MWh, un
incremento del 27,64% respecto a precio de cotización a finales del mes de enero 2022.
Paralelamente, el Brent por su parte, muestra incrementos de 13% en el precio spot e incrementos de en torno al 7% para el
año 2022.
La demanda de gas muestra un descenso significativo, tanto del sector eléctrico como para su uso convencional. Sin
embargo, la demanda sigue por encima del año anterior.
18/03/2022 - 8:47 
EMISIONES CO2
El mercado de CO2 retoma la tendencia alcista. El precio cierra en 90,92 €/Tn, un incremento del 8% de la cotización
respecto al mes de enero 2022.
18/03/2022 - 8:47",7,Down,Long
15,2022-04-19,"MERCADO ELÉCTRICO
La media del mercado spot eléctrico registrada para el mes de marzo 2022 se sitúa en 283,39 €/MWh. Este valor, supone un
encarecimiento en el precio del 41,54 % respecto al mes anterior.
La demanda peninsular recupera parte del descenso del 11,18% registrado durante el mes de febrero 2022 con un
incremento del 6,17% durante el mes de marzo 2022, en línea con lo ocurrido en el año anterior.
En cuanto a la composición del mix, la producción eólica incrementa su relevancia generando casi el 29% de la electricidad.
Por su parte, la generación hidráulica incrementa su importancia a la hora de marcar el precio marginal, cerrando el precio el
52% de las horas.
El mercado de futuros cierra con significativos abaratamientos de precio respecto al mes anterior, para los productos del
2022, reducciones en torno al 20%.
19/04/2022 - 15:58 
MERCADO DEL GAS
En marzo 2022, los hubs europeos muestran fuertes encarecimientos en el precio. MIBGAS y TTF cierran de media en 126
€/MWh, incrementos superiores al 50% respecto al mes anterior. A futuros, el mercado muestra un fuerte encarecimiento de
los precios, aunque notablemente por debajo del incremento en el SPOT. Para el Q3 y Q4 2022 el mercado prevé un precio
medio en torno a los 120 €/MWh.
Paralelamente, el Brent por su parte, muestra incrementos de 21% en el precio spot e incrementos de en torno al 13% para
los productos del año 2022.
La demanda de gas muestra un leve descenso puesto que el incremento de demanda del sector convencional no compensa la
reducción en la demanda del sector eléctrico.
19/04/2022 - 15:58 
EMISIONES CO2
Los derechos de emisión de CO2 reducen el precio de cotización significativamente, cerrando en 75 €/Tn CO2, un 17,5% por
debajo del mes de febrero 2022, cuando se llegó a superar los 90 €/Tn.
19/04/2022 - 15:58",8,Up,Long
16,2022-05-16,"MERCADO ELÉCTRICO
La media del precio del mercado spot eléctrico para el mes de abril 2022 se sitúa en 191,52 €/MWh, un 32,42 % por debajo
del mes anterior. A pesar de ello, continuamos en máximos históricos, el precio del mes de abril 2022 supone un
encarecimiento del 195% respecto al mes de abril 2021.
La demanda peninsular desciende un 9% respecto al mes anterior, situándose en el mínimo registrado durante este año 2022
de 18.414 GWh, algo habitual tras el invierno. Aunque también es relevante que esté por debajo de la demanda del mismo
mes del año pasado.
En cuanto a la composición del mix, la producción eólica mantiene su relevancia generando el 26% de la electricidad. De
hecho, este mes ha sido muy positivo para las renovables en general, ya que en conjunto ha supuesto la mitad de la
electricidad generada.
Por su parte, la generación hidráulica mantiene su importancia a la hora de marcar el precio marginal, cerrando el precio el
49% de las horas.
El mercado de futuros cierra con leves abaratamientos de precio respecto al mes anterior, para los productos del 2022,
reducciones en torno al 20%.
16/05/2022 - 17:41 
MERCADO DEL GAS
En abril 2022, los hubs europeos muestran abaratamientos en el precio. MIBGAS y TTF cierran de media en 90,13 y 99,98
€/MWh respectivamente. En el mercado de futuros, el mercado muestra notables reducciones de los precios. Para el Q3 y Q4
2022 el mercado prevé un precio medio en torno a los 82 €/MWh en el caso de MIBGAS y 95 €/MWh en el hub holandés.
Paralelamente, el precio del Brent muestra una disminución del 12% en el precio spot, mientras se mantiene estable en el
mercado de futuros. Mientras que el tipo de cambio $/€ muestra una caída del 1,6% en el SPOT y de casi el 6% en el
mercado de futuros, situándose en mínimos anuales.
La demanda de gas también ha descendido en Abril, tanto la del sector eléctrico como la de uso convencional.
Es relevante comentar que el nivel de almacenamiento europeo ya ha llegado a su mínimo anual que habitualmente se sitúa
a mediados de Abril. El valor de este año ha sido levemente inferior al mínimo del año pasado y ya se están incrementando
las reservas a buen ritmo. Habrá que estar pendientes de su evolución.
16/05/2022 - 17:41 
EMISIONES CO2
Los derechos de emisión de CO2 no mantienen la reducción del mes anterior y se encarecen un 9%, hasta los 81,60 €/Tn,
oscilando a lo largo del mes entre los 78 €/Tn y 89,6 €/Tn. Este incremento no se encuentra significativo, dado que es el
último para hace entrega de los derechos correspondientes a 2021.
16/05/2022 - 17:41",8,Up,Long
17,2022-06-16,"MERCADO ELÉCTRICO
La media del precio del mercado spot eléctrico para el mes de mayo 2022 se sitúa en 187,13 €/MWh, un 2,29 % por debajo
del mes anterior. Es el segundo mes consecutivo que se sitúa por debajo de los 200 €/MWh. A pesar de ello, debemos tener
presente que continuamos en máximos históricos, el precio del mes de mayo 2022 supone un encarecimiento del 179%
respecto al mes de mayo del año anterior.
La demanda peninsular ha aumentado casi un 4% respecto al mes anterior, situándose en los mismos niveles que mostraba
en el mismo periodo de 2021.
En cuanto a la composición del mix, la producción eólica sigue siendo la que más electricidad ha producido, un 21% del total,
volumen por otra parte inferior al de del mes anterior y a la del año anterior. Lo que le ha dado más terreno al ciclo
combinado. Las renovables en conjunto han generado la mitad de la electricidad en el mes de mayo 2022.
Por su parte, la generación hidráulica mantiene su importancia a la hora de marcar el precio marginal, aunque desciende el
número de horas cuyo precio está marcado por esta tecnología, cogiendo el testigo el grupo “Renovables, Cogeneración y
Residuos”.
El mercado de futuros se encarece levemente respecto al mes anterior, tanto los dos últimos trimestres de 2022, como los
productos anuales.
16/06/2022 - 12:26 
MERCADO DEL GAS
En mayo 2022, los hubs europeos muestran reducciones en su nivel de precio. Los precios spot del MIBGAS y TTF cierran de
media en 76,21 y 88,54 €/MWh respectivamente. En el mercado de futuros, se aprecian leves reducciones de los precios,
excepto para el primer trimestre de 2023 que ya está anticipando posibles tensiones en las reservas de gas. Según el OMIP
se prevé que los precios en el último trimestre de este año y primero del año siguiente sean los más caros del futuro
próximo.
Paralelamente, el precio del Brent sigue con una marcada tendencia alcista en el precio spot, y en el mercado de futuros.
Mientras el euro sigue devaluándose frente al dólar en el SPOT, acercándose a la paridad. Sin embargo, en el mercado de
futuros se estabiliza en los 1,05 $/€.
La demanda total de gas en España ha descendido en mayo, pese al incremento experimentado por el sector eléctrico.
Al mismo tiempo, el nivel de almacenamiento europeo está incrementándose a un buen ritmo, aunque, en vista de los
precios, de momento el mercado de futuros no lo considera suficiente para afrontar la incertidumbre sobre las reservas con
las que contaremos en invierno.
16/06/2022 - 12:26 
EMISIONES CO2
Los derechos de emisión de CO2 se encarecen un 9%, marcando un precio medio para el mes de mayo 2022 de 85,29 €/Tn.
Su valor diario ha oscilado a lo largo del mes entre los 78 €/Tn y 91 €/Tn.
16/06/2022 - 12:26",8,Up,Long
18,2022-07-22,"MERCADO ELÉCTRICO
La media del precio del mercado spot eléctrico para el mes de junio 2022 se sitúa en 169,63 €/MWh, un 9,35 % por debajo
del mes anterior. A pesar de ello, debemos tener presente que continuamos en máximos históricos. Además, desde el día 15
de junio de 2022 se ha puesto en marcha el mecanismo de ajuste del precio del gas lo cual ha producido una estabilización
del precio de OMIE en torno a los 140 €/MWh de media, sin embargo, a este nivel de precio, hay que añadirle unos 92
€/MWh de media por el mecanismo de ajuste de precio del gas a toda aquella energía no cerrada a plazo antes del 26 de abril
de 2022.
La demanda peninsular ha aumentado algo más del 4% respecto al mes anterior, situándose por encima del mismo nivel que
mostraba en el mismo periodo de 2021.
En cuanto a la composición del mix, la generación eléctrica mediante ciclo combinado supera por primera vez en producción
eólica y nuclear en lo que va de año, aspecto que no se observaba desde junio 2021 cuando generó el 19,03% de la energía.
En junio 2022, la generación eléctrica mediante ciclo combinado ha generado el 26,55%.
Por su parte, la generación hidráulica pierde su liderazgo a la hora de marcar el precio marginal, cogiendo el testigo el grupo
“Generación térmica ciclo combinado”, marcando el precio en el 37% de las horas seguido del 28% de la generación
hidráulica y el 26% de las renovables, cogeneración y residuos.
El mercado de futuros se encarece respecto al mes anterior, tanto los dos últimos trimestres de 2022, como los productos
anuales.
22/07/2022 - 10:37 
MERCADO DEL GAS
En junio 2022, los hubs europeos muestran reducciones en su nivel de precio. Los precios spot del MIBGAS y TTF cierran de
media en 96,41 y 100,75 €/MWh respectivamente. En el mercado de futuros, se aprecian importantes encarecimientos de los
precios, se prevé que los precios en el último trimestre de este año y primero del año siguiente sean los más caros del futuro
próximo.
Paralelamente, el precio del Brent sigue con una marcada tendencia alcista en el precio spot, mientras que en el mercado de
futuros se observan caídas en torno al 4% para los trimestres más inmediatos. Mientras el euro sigue devaluándose frente al
dólar en el SPOT, acercándose a la paridad.
La demanda total de gas en España muestra un importante ascenso a pesar de la caida de gas destinada a uso convencional,
sin embargo, el incremento del gas destinado al sector eléctrico ha mostrado un incremento importante, duplicando su
demanda de gas respecto al mes anterior.
Al mismo tiempo, el nivel de almacenamiento europeo está incrementándose a un buen ritmo, aunque, en vista de los
precios, de momento el mercado de futuros no lo considera suficiente para afrontar la incertidumbre sobre las reservas con
las que contaremos en invierno.
22/07/2022 - 10:37 
EMISIONES CO2
La cotización de precios de los derechos de emisión de CO2 se relaja levemente aminorando el precio de cotización en un
2,22% respecto al mes anterior, marcando un precio medio para el mes de junio 2022 de 83,4 €/Tn. Su valor diario ha
oscilado a lo largo del mes entre los 80,11€/Tn y 87,78 €/Tn.
22/07/2022 - 10:37",8,Down,Long
19,2022-08-30,"MERCADO ELÉCTRICO
El valor medio del OMIE en lo que llevamos de este año, 2022, se sitúa en 191,33 €/Mwh. En cuanto al valor medio del OMIE
en Jul.-22 es de 142,66 €/Mwh con una diferencia de -15,90 % respecto a Jun.-22.
30/08/2022 - 12:47 
MERCADO DEL GAS
Los valores del mercado de gas, TTF y MIBGAS respectivamente, cerraron con un 167,33 €/Mwh y un 128,81 estando la
diferencia respecto a el mes anterior en un 66,08 % y un 33,60 %.
El barril de brent está en 112,55 $/bbl, un -9,01 % respecto a el mes anterior, y el tipo de cambio a 1,02 $/€
30/08/2022 - 12:47 
EMISIONES CO2
La cotización de las emisiones de CO2 experimenta una ligera caída de su tendencia alcista debido a la política de reducción
de emisiones. El último valor del EUA para el Jul.-22 es de 81,33 €.
30/08/2022 - 12:48",5,Down,Mid
20,2022-09-16,"MERCADO ELÉCTRICO
El precio medio del mercado eléctrico para el mes de agosto 2022 se sitúa en 154,89 €/MWh, un 8,58 % por encima del mes
anterior. A pesar de ello, debemos tener presente que continuamos en máximos históricos, el mecanismo de ajuste a aplicar
en todos aquellos contratos que se benefician de la llamada “excepción ibérica” para el mes de agosto ha sido de media
141,09 €/MWh. Precio final OMIE + AJUSTE MIBEL = 295,98 €/MWh.
La demanda peninsular, tras alcanzar el máximo anual el pasado mes de julio 2022, decrece un 7,5%.
En cuanto a la composición del mix, la generación eléctrica mediante ciclo combinado por tercer mes consecutivo se mantiene
líder. En agosto 2022, la generación eléctrica mediante ciclo combinado ha generado un 33,6%.
Del mismo modo, la “Generación Hidráulica”, marca el precio marginal en el 47% de las horas seguido del 39% de la
generación de ciclo combinado y el 14% de las renovables, cogeneración y residuos.
El mercado de futuros se encarece respecto al mes anterior, tanto el último trimestre de 2022, como los productos anuales.
16/09/2022 - 11:54 
MERCADO DEL GAS
En agosto 2022, los hubs europeos muestran importantes incrementos en su nivel de precio. Los precios spot del MIBGAS y
TTF cierran de media en 163,99 y 233,73 €/MWh respectivamente. En el mercado de futuros, se aprecian importantes
encarecimientos de los precios, se prevé que los precios en el último trimestre de este año y primero del año siguiente sean
los más caros del futuro próximo.
Paralelamente, el precio del Brent se reduce en un 11% en el mercado spot, mientras que en el mercado de futuros se
observan caídas en torno al 3% para los trimestres más inmediatos. El euro por su parte sigue devaluándose frente al dólar
en el SPOT.
La demanda total de gas en España muestra una caída, motivada por la reducción de gas destinado a uso convencional. El
gas destinado al sector eléctrico se mantiene estable respecto al mes anterior, siendo muy superior al que se venía
registrando durante los últimos años.
Al mismo tiempo, el nivel de almacenamiento europeo continúa incrementándose a un buen ritmo, aunque, en vista de los
precios, de momento el mercado de futuros no lo considera suficiente para afrontar la incertidumbre sobre las reservas con
las que contaremos en invierno.
16/09/2022 - 11:54 
EMISIONES CO2
La cotización de precios de los derechos de emisión de CO2 se incrementa levemente (en un 8%) respecto al mes anterior,
marcando un precio medio para el mes de agosto 2022 de 87,81 €/Tn. Sin embargo, solo está 4 € por encima de la media de
lo que llevamos de año. Su valor diario ha oscilado a lo largo del mes entre los 79,82€/Tn y 97,82 €/Tn.
16/09/2022 - 11:54",7,Up,Long
21,2022-10-18,"MERCADO ELÉCTRICO
El precio medio del mercado eléctrico para el mes de septiembre/2022 se situó en 141,07 €/MWh, un 8,93 % por debajo del
mes anterior. A pesar de ello, debemos tener presente que continuamos en un nivel alto de precios. Por su parte, la media
del precio a aplicar por el mecanismo de ajuste de la llamada “excepción ibérica” para el mes de septiembre ha sido de media
103,16 €/MWh. Por tanto, el precio final OMIE + AJUSTE MIBEL = 244,23 €/MWh, un total de 51,75 €/MWh menos que el
valor de agosto/2022.
La demanda peninsular sigue reduciéndose, además la registrada durante el mes de septiembre/2022 ha sido
significativamente menor a la del mismo mes de 2021.
Por el contrario, las exportaciones a Francia están siendo muy elevadas como consecuencia de los problemas que están
teniendo en sus centrales nucleares. Esta circunstancia hace que la generación en España sea alta, e impide que el precio
spot se reduzca.
En cuanto a la composición del mix, la generación eléctrica mediante ciclo combinado por cuarto mes consecutivo se
mantiene líder, encargándose de un tercio de la generación total.
También es la tecnología que ha marcado el precio durante el mayor número de horas junto con la “Generación Hidráulica”, el
41% en cada caso.
El mercado de futuros muestra reducciones significativas de precios respecto al mes anterior, que se había comportado
anormalmente alcista.
18/10/2022 - 8:50 
MERCADO DEL GAS
Los hubs europeos muestran importantes abaratamientos en su nivel de precio. Los precios spot del MIBGAS y TTF cierran de
media en 118,08 y 188,27 €/MWh respectivamente. En el mercado de futuros, se aprecian importantes abaratamientos de los
precios.
Paralelamente, el precio del Brent se reduce en un 10% en el mercado spot, mientras que en el mercado de futuros se
observan caídas en torno al 13% para los trimestres más inmediatos. El euro por su parte sigue devaluándose frente al dólar
en el SPOT.
La demanda total de gas en España sigue en máximos anuales, pero se estabiliza respecto al mes anterior, sin importantes
variaciones del sector eléctrico ni convencional.
Al mismo tiempo, el nivel de almacenamiento europeo continúa incrementándose a un buen ritmo, aunque, en vista de los
precios, de momento el mercado de futuros no lo considera suficiente para afrontar la incertidumbre sobre las reservas con
las que contaremos en invierno.
18/10/2022 - 8:50 
EMISIONES CO2
La cotización de precios de los derechos de emisión de CO2 se abarata de manera importante en un 20% respecto al mes
anterior, marcando un precio medio para el mes de septiembre 2022 de 70,09 €/Tn. Su valor diario ha oscilado a lo largo del
mes entre los 64,81 €/Tn y 80,57 €/Tn.
18/10/2022 - 8:50",5,Down,Long
22,2022-11-21,"MERCADO ELÉCTRICO
El precio medio del mercado eléctrico para el mes de octubre/2022 se situó en 127,22 €/MWh, un 9,82 % por debajo del mes
anterior. A pesar de ello, debemos tener presente que continuamos en un nivel alto de precios. Por su parte, la media del
precio a aplicar por el mecanismo de ajuste de la llamada “excepción ibérica” para el mes de septiembre ha sido de media
35,80 €/MWh. Por tanto, el precio final OMIE + AJUSTE MIBEL = 163,02 €/MWh frente a los 244,23 €/MWh registrado en el
mes de septiembre/2022.
La demanda peninsular sigue reduciéndose en este caso, un 4,27% por debajo al mes anterior. Además, la demanda
registrada desde el mes de septiembre/2022 es significativamente menor a la del año anterior.
Por el contrario, las exportaciones a Francia están siendo muy elevadas como consecuencia de los problemas que están
teniendo en sus centrales nucleares. Esta circunstancia hace que la generación en España sea alta, e impide que el precio
spot se reduzca.
En cuanto a la composición del mix, la generación eléctrica mediante ciclo combinado por quinto mes consecutivo se
mantiene líder, encargándose de un tercio de la generación total.
También es la tecnología que ha marcado el precio durante el mayor número de horas, el 41% frente al 37% de la
generación hidráulica y 21% de las renovables, cogeneración y residuos.
El mercado de futuros muestra reducciones de precios respecto al mes anterior para los siguientes dos trimestres, aunque se
registran encarecimientos significativos a partir de la segunda mitad del 2023.
21/11/2022 - 8:33 
MERCADO DEL GAS
Los hubs europeos muestran importantes abaratamientos en su nivel de precio. Los precios spot del MIBGAS y TTF cierran de
media en 60,49 y 76,04 €/MWh respectivamente. En el mercado de futuros, se aprecian importantes abaratamientos por
encima del 20% de los precios.
El precio del Brent se encare un 3% en el mercado spot, mientras que en el mercado de futuros se observan incrementos en
torno al 10% para el año 2023. El euro por su parte se estabiliza en torno a la paridad.
La demanda total de gas en España es similar a la del mes anterior, puesto que una leve menor demanda del sector eléctrico
se compensa con un incremento del sector convencional, a pesar de que este último sigue en mínimos anuales.
Al mismo tiempo, el nivel de almacenamiento europeo continúa incrementándose a un buen ritmo, llegando a alcanzar el
95% de llenado, aspecto que ha motivado una importante caída en los precios spot de gas al reducirse la capacidad de
almacenaje disponible.
21/11/2022 - 8:33 
EMISIONES CO2
La cotización de precios de los derechos de emisión de CO2 se mantiene en los 70,22 €/Tn aunque su valor diario ha oscilado
a lo largo del mes entre los 65,35 €/Tn y 80,92 €/Tn.
21/11/2022 - 8:33",7,Down,Long
23,2022-12-22,"MERCADO ELÉCTRICO
El precio medio del mercado eléctrico para el mes de noviembre/2022 se situó en 115,56 €/MWh, un 9,17 % por debajo del
mes anterior. A pesar de ello, debemos tener presente que continuamos en un nivel alto de precios. Por su parte, la media
del precio a aplicar por el mecanismo de ajuste de la llamada “excepción ibérica” para el mes de noviembre ha sido de media
87,51 €/MWh. Por tanto, el precio final OMIE + AJUSTE MIBEL = 203,07 €/MWh frente a los 163,02 €/MWh registrado en el
mes de octubre/2022.
La demanda peninsular se estabiliza tras tres meses consecutivos de caídas, incrementándose un 0,7% respecto al mes
anterior. Además, la demanda registrada desde el mes de septiembre/2022 es significativamente menor a la del año anterior.
Por el contrario, España continúa siendo netamente exportador de energia eléctrica, sobre todo a Francia, circunstancia que
hace que la generación en España sea alta, e impide que el precio spot se reduzca.
En cuanto a la composición del mix, la generación eléctrica mediante ciclo combinado por primera vez tras 5 meses
consecutivos es sobrepasada por la generación eólica, generando un 32% de la generación total.
No obstante, la generación renovable, cogeneración y residuos únicamente ha fijado el precio marginal en el 23% de las
horas frente al 37% de la generación hidráulica y 27% de generación térmica de ciclo combinado.
22/12/2022 - 10:43 
MERCADO DEL GAS
Los precios spot del MIBGAS y TTF cierran de media en 60,48 y 89,64 €/MWh respectivamente. En el mercado de futuros, se
aprecian encarecimientos significativos del 10% para el primer trimestre del 2023 mientras que, para el resto del año 2023,
el encarecimiento de los futuros de MIBGAS se sitúa en torno al 30% mientras que los futuros del TTF se encarecen un 10%,
sin embargo, el precio de MIBGAS se sigue manteniendo por debajo del índice holandés.
El precio del Brent se abarata un 1,8% en el mercado spot, mientras que en el mercado de futuros se observan
abaratamientos entre el 5 y 8% para el año 2023. El tipo de cambio $/€ por su parte se sitúa en 1,0209 $/€ en el mercado
SPOT.
La demanda total de gas en España es similar a la del mes anterior, puesto que una menor demanda del sector eléctrico se
compensa con un incremento del sector convencional.
Al mismo tiempo, el nivel de almacenamiento europeo ha llegado al máximo anual (1.068,88 TWh) y comienza a decrecer
como viene siendo habitual durante el invierno. Este máximo ha superado en aproximadamente 200 TWh el del año pasado.
22/12/2022 - 10:43 
EMISIONES CO2
La cotización de precios de los derechos de emisión de CO2 se incrementa levemente hasta los 75,93 €/Tn mientras que su
valor diario ha oscilado a lo largo del mes entre los 72,24 €/Tn y 83,68 €/Tn.
22/12/2022 - 10:44",8,Down,Long
24,2023-01-19,"MERCADO ELÉCTRICO
El precio medio del mercado eléctrico para el mes de diciembre/2022 se situó en 96,95 €/MWh, un 16,10 % por debajo del
mes anterior. A pesar de ello, debemos tener presente que continuamos en un nivel alto de precios. Por su parte, la media
del precio a aplicar por el mecanismo de ajuste de la llamada “excepción ibérica” para el mes de noviembre ha sido de media
38,3 €/MWh. Por tanto, el precio final OMIE + AJUSTE MIBEL = 135,25 €/MWh.
Este mes ha sido especialmente significativo el precio de los servicios de ajuste, sobrepasando los 13 €/MWh, más de 5,4 €
por encima del precio medio registrado durante el año 2022.
La demanda peninsular se incrementa un 5,33% hasta los 19.275 GWh. Sin embargo, continua notablemente por debajo de
la registrada en 2021.
Por el contrario, España continúa siendo netamente exportador de energia eléctrica, sobre todo a Francia, circunstancia que
hace que la generación en España sea alta.
En cuanto a la composición del mix, la generación eólica, vuelve a posicionarse líder, generando el 25,68% de la energia
eléctrica. Sin embargo, revisando datos anuales, durante el año 2022 la tecnológica más importante en cuanto a generación
eléctrica ha sido el ciclo combinado, aportando un 23,65% mientras que el 43,47% de la energía ha sido aportada por
fuentes de origen renovable.
Por su parte, la generación hidráulica ha marcado el precio marginal el 58% de las horas, mientras que las renovables,
cogeneración y residuos ha marcado el 29% y únicamente un 12% la generación térmica de ciclo combinado.
19/01/2023 - 9:05 
MERCADO DEL GAS
Los precios spot del MIBGAS y TTF cierran de media en 100,91 y 113,81 €/MWh respectivamente, un 66,8% por encima del
mes anterior en el caso de MIBGAS y un 27% por encima en el caso del TTF. Sin embrago, en el mercado de futuros, se
aprecian abaratamientos significativos por encima del 35% para los productos del 2023. A pesar de los importantes spreads
registrados entre ambos índices en meses anteriores, el spread se ha reducido notablemente en el mercado SPOT y en los
productos de futuro más cercanos.
El precio del Brent se abarata un 11,26 % en el mercado spot, mientras que en el mercado de futuros se observan leves
encarecimientos en torno al 1% para el año 2023. Por su parte, el tipo de cambio $/€ por su parte se sitúa en 1,0591 $/€ en
el mercado SPOT y en torno al 1,08$/€ en los productos del 2023.
La demanda total de gas en España se mantiene estable puesto que una menor demanda del sector eléctrico se compensa
con un incremento del sector convencional. Sin embargo, la demanda del sector convencional del mes de diciembre 2022 ha
sido 10.076,55 GWh (un -35,42%) inferior a la registrada en diciembre 2021.
Por último, a pesar de que el nivel de almacenamiento europeo registró el máximo nivel anual durante el mes de noviembre
2022 y comenzó a decrecer paulatinamente como viene siendo habitual, desde el 20 de diciembre aproximadamente se ha
estabilizado el nivel de almacenamiento por encima del 80% lo cual permite afrontar los próximos meses con mayores
garantías, hay que indicar que una estabilización en los niveles de almacenamiento como la actual durante los meses de
invierno no se ha apreciado al menos en los últimos 5 años.
19/01/2023 - 9:05 
EMISIONES CO2
La cotización de precios de los derechos de emisión de CO2 se incrementa hasta los 85,70 €/Tn frente a los 75,93 €/Tn del
mes de noviembre 2022, el valor diario durante el mes de diciembre ha oscilado a lo largo del mes entre los 90,10 €/Tn y
80,38 €/Tn.
19/01/2023 - 9:06",7,Up,Long
25,2023-02-16,"MERCADO ELÉCTRICO
El mercado SPOT ha sufrido un encarecimiento medio del 50% sobre el precio del año 2021 hasta alcanzar de media los
167,52 €/MWh. Si tenemos en cuenta el coste de la compensación al límite del precio del gas, la media anual se sitúa en los
209,06 €/MWh.
La producción de electricidad se ha incrementado un 6% durante el año 2022, empujada por la demanda francesa, con
problemas en sus centrales nucleares.
Tras varios años en los que la generación renovable iba en aumento, 2022 ha supuesto un retroceso para las energías
limpias, a la vez que ha ganado importancia la generación en centrales de ciclo combinado.
16/02/2023 - 16:03 
MERCADO DEL GAS
La media anual de MIBGAS ha cerrado en el año 2022 en 99 €/MWh mientras que la media anual del TTF ha sido de 121,04
€/MWh. Batiendo ambos valores récords históricos.
Debido al encarecimiento de precios, se ha producido una importante reducción de la demanda de gas convencional, mientras
que para el año 2021 se demandaron algo más de 287 TWh, este año 2022 la demanda ha sido de 221 TWh, una reducción
del 23%.
16/02/2023 - 16:03 
EMISIONES CO2
Durante 2022 se ha potenciado la tendencia alcista del precio de los derechos de emisión de GEI's, como era previsible. El
aumento del precio medio anual es del 52%, respecto al año anterior. Y es de esperar que siga siendo así, ya que la UE está
reformando el Régimen de Comercio de Derechos de Emisión, para lograr alcanzar la reducción del 55% de las emisiones
para 2030.
16/02/2023 - 16:04",8,Up,Long
26,2023-03-15,"MERCADO ELÉCTRICO
El precio medio del mercado eléctrico para el mes de febrero 2023 se situó en 133,47 €/MWh, un 91,90 % por encima del
mes anterior. Por su parte, la media del precio a aplicar por el mecanismo de ajuste de la llamada “excepción ibérica” para el
mes de febrero ha sido por primera vez, negativa de -1,4 €/MWh. Por tanto, el precio final OMIE + AJUSTE MIBEL = 132,07
€/MWh.
Tras dos meses donde el coste de los servicios de ajuste ha sido especialmente significativo por encima de los 13 €/MWh, el
mes de enero ha cerrado en una media de 8,07 €/MWh.
La demanda peninsular se reduce un 7% hasta los 19.314 GWh. Por primera vez desde el mes de agosto, la demanda se
posiciona por encima de la registrada el mismo mes del año anterior.
Por el contrario, España continúa siendo netamente exportador de energía eléctrica.
En cuanto a la composición del mix, la generación eólica, se mantiene líder a pesar de reducir su participación respecto al
mes de enero 2023 en un 10%, situándose en el 21,74%. Por su parte, la generación hidráulica ha marcado el precio
marginal el 63% de las horas, mientras que la generación térmica de ciclo combinado ha marcado un 22% y las renovables,
cogeneración y residuos únicamente el 15% de las horas.
15/03/2023 - 8:58 
MERCADO DEL GAS
Los precios spot del MIBGAS y TTF cierran de media en 52,33 y 53,64 €/MWh respectivamente, algo más de una reducción
del 10% respecto al mes anterior para ambos índices. En el mercado de futuros, se han apreciado abaratamientos
significativos en torno al 15% para los productos del 2023. A pesar de los importantes spreads registrados entre ambos
índices en meses anteriores, el spread se ha reducido notablemente en el mercado SPOT y en los productos de futuro más
cercanos.
El precio del Brent se mantiene estable respecto al mes de enero 2023, el mercado de futuros registra una reducción del
precio en torno al 3%. Por su parte, el tipo de cambio $/€ por su parte se sitúa en 1,0712 $/€ en el mercado SPOT y en torno
al 1,07 $/€ en los productos del 2023.
La demanda total de gas en España, por segundo mes consecutivo, muestra un leve repunte, con un incremento del gas
demandado por el sector eléctrico mientras que la demanda de gas convencional se mantiene respecto al mes de enero 2023.
La demanda media diaria para febrero del año 2023 ha sido de 840,56 GWh mientras que en febrero 2022 la demanda media
diaria fue de 906,44 GWh, por lo que estamos hablando de una reducción de la demanda, sin considerar la demanda del
sector eléctrico, de un 7,3%.
Por último, se conseguido cerrar febrero 2023 con unos niveles de almacenamiento de gas a nivel europeo por encima del
55%, muy por encima de años anteriores. Se espera que levemente se vaya estabilizando y a finales de marzo e inicios de
abril se comience a incrementar el nivel de almacenamiento por lo que gracias a las precauciones y medidas adoptadas y
condiciones climatológicas favorables, se ha podido garantizar el suministro de gas durante el invierno, aspecto que
preocupaba hace unos meses.
15/03/2023 - 8:58 
EMISIONES CO2
La cotización de precios de los derechos de emisión de CO2 se incrementa significativamente hasta los 91,81 €/Tn frente a
los 80,22 €/Tn del mes de enero 2023, el valor diario durante el mes de febrero ha oscilado a lo largo del mes entre los 87,28
€/Tn y 97,04 €/Tn.
15/03/2023 - 8:58",8,Up,Long
27,2023-04-20,"MERCADO ELÉCTRICO
El precio medio del mercado eléctrico para el mes de marzo 2023 se situó en 89,70 €/MWh, un 32,80 % por debajo del mes
anterior y un 68,35% por debajo del precio marcado en marzo 2022. Por su parte, la media del precio a aplicar por el
mecanismo de ajuste de la llamada “excepción ibérica” para el mes de marzo ha sido de 0 €/MWh, tras el valor negativo de
-1,4 €/MWh registrado el mes de febrero 2023.
El coste de los servicios de ajuste ha tenido un peso importante puesto que la media se ha situado por encima de los 11
€/MWh.
La demanda peninsular se mantiene con un incremento del 0,72%, situándose en 19.344 GWh. Por el contrario, España
continúa siendo netamente exportador de energia eléctrica, exportando el 11 % de la energia generada, resalta el incremento
de un 60% en las exportaciones frente al mes de febrero 2023 y una reducción del mismo nivel en las importaciones.
En cuanto a la composición del mix, la generación eólica se mantiene líder, incrementando su importancia en prácticamente
un 7% respecto al mes anterior, generando el 28,29% de la energia total. Así mismo, la generación hidráulica ha reducido su
importancia a la hora de marcar el precio marginal en un 14%, a pesar de ello, continúa marcando el 49% de las horas. Por
su parte, las renovables incrementan de manera importante su participación pasando del 22% del mes de febrero 2023 al
44% y por su parte, pierde un peso importante el ciclo combinado que únicamente marca el 7% de las horas, una tercera
parte de las que marcó durante el mes de febrero 2023.
20/04/2023 - 9:47 
MERCADO DEL GAS
Los precios spot del MIBGAS y TTF cierran de media en 43,30 y 44,86 €/MWh respectivamente, algo más de una reducción
del 16% respecto al mes anterior para ambos índices. En el mercado de futuros, sin embargo, se ha estabilizado con leves
encarecimientos en torno al 3-5%. A pesar de los importantes spreads registrados entre ambos índices en meses anteriores,
el spread se ha reducido notablemente en el mercado SPOT y en los productos de futuro más cercanos.
El precio del Brent se mantiene estable respecto al mes de enero 2023, el mercado de futuros registra una reducción del
precio en torno al 8%. Por su parte, el tipo de cambio $/€ por su parte se sitúa en 1,0689 $/€ en el mercado SPOT y en torno
al 1,10 $/€ en los productos del 2023.
La demanda total de gas en España muestra una leve caída, debido a una reducción del gas demandado por el sector
eléctrico unido a una menor demanda de gas para uso convencional.
Por último, como era previsible, los niveles de almacenamiento de gas a nivel europeo se han estabilizado en torno al 55%,
muy por encima de años anteriores. Ahora queda por delante los meses de verano para ir incrementando nuevamente el
nivel de estos y afrontar el próximo invierno con unas reservas de gas altas para intentar minimizar en la medida de lo
posible los riesgos de suministro.
20/04/2023 - 9:47 
EMISIONES CO2
La cotización de precios de los derechos de emisión de CO2 se ha posicionado por debajo de los 90 €/Tn, en 89,23 €/Tn. Sin
embargo, es significativa la importante volatilidad de precios a lo largo del mes puesto que el valor diario durante el mes de
marzo ha oscilado a lo largo del mes entre los 96,60 €/Tn y 84,52 €/Tn.
20/04/2023 - 9:48",9,Down,Long
28,2023-05-18,"MERCADO ELÉCTRICO
El precio medio del mercado eléctrico para el mes de abril 2023 se situó en 73,73 €/MWh, un 17,8 % por debajo del mes
anterior y un 61,5% por debajo del precio marcado en abril 2022. Por su parte, la media del precio a aplicar por el
mecanismo de ajuste de la llamada “excepción ibérica” para el mes de abril se mantiene en 0 €/MWh como durante el mes de
marzo 2023.
El coste de los servicios de ajuste mantiene su peso importante puesto que la media se ha situado por encima de los 11
€/MWh.
La demanda peninsular cae un 12,95% hasta los 16.813 GWh y se mantiene por debajo de abril 2022, un 8,7%. Asimismo,
España continúa siendo netamente exportador de energia eléctrica, exportando el 10 % de la energia generada.
En cuanto a la composición del mix, la generación eólica se mantiene líder generando el 22,82% de la energia total. Destacar
que prácticamente el 53% de la energia generada ha tenido un origen renovable. Por último, la generación hidráulica
mantiene su importancia a la hora de marcar el precio marginal, marcando el 56% de las horas. Por su parte, las renovables
y ciclo combinado marcan el 35% y 9% de las horas respectivamente.
18/05/2023 - 12:58 
MERCADO DEL GAS
Los precios spot del MIBGAS y TTF cierran de media en 37,69 y 42,71 €/MWh respectivamente, una reducción del 13% en el
caso de MIBGAS y un 4,8% en el caso del TTF respecto al mes anterior. En el mercado de futuros, se observan reducciones
por encima del 15% para el trimestre inmediatamente posterior, reducciones en torno al 5% para el último trimestre del año
2023, dejando leves variaciones a la baja del 1% para el año 2024.
El precio del Brent se encare un 8% hasta los 84,94 $/bbl, el mercado de futuros registra encarecimientos por encima del 6%
hasta 2024. Por su parte, el tipo de cambio $/€ se sitúa en 1,0962 $/€ en el mercado SPOT y en torno al 1,11 $/€ en los
productos del 2023.
La demanda total de gas en España acentúa la caída. La demanda del sector eléctrico se sitúa en mínimos anuales mientras
que la demanda del sector convencional se posiciona en torno a niveles previos al invierno 22-23.
Por último, los niveles de almacenamiento de gas a nivel europeo se han comenzado a incrementar, observando cierta
correlación inversa con el precio del gas natural.
18/05/2023 - 12:58 
EMISIONES CO2
La cotización de precios de los derechos de emisión de CO2 se sitúa en 90,52 €/Tn. No obstante, se mantiene la importante
volatilidad de precios puesto que el valor diario durante el mes de abril ha oscilado a lo largo del mes entre los 94,75 €/Tn y
83,80 €/Tn.
18/05/2023 - 13:00",5,Down,Long
29,2023-06-19,"MERCADO ELÉCTRICO
El precio medio del mercado eléctrico para el mes de mayo 2023 se situó en 74,21 €/MWh, un 0,64 % por encima del mes
anterior y un 60,34% por debajo del precio marcado en mayo 2022. Por su parte, la media del precio a aplicar por el
mecanismo de ajuste de la llamada “excepción ibérica” para el mes de mayo se mantiene en 0 €/MWh por tercer mes
consecutivo.
En los contratos de electricidad cuyo precio no está fijado, el coste de los servicios de ajuste ha mostrado durante el mes de
mayo 2023 una reducción de casi 1 €/MWh frente a los dos meses anteriores, teniendo un peso medio sobre el término de
energia de 10,48 €/MWh.
La demanda peninsular recupera un 6,13% hasta los 17.843 GWh y se mantiene por debajo de mayo 2022. Asimismo,
España continúa siendo netamente exportador de energia eléctrica, exportando en torno al 10 % de la energia generada.
En cuanto a la composición del mix, la generación eólica se mantiene líder generando el 25,77% de la energia total. Destacar
que prácticamente el 55% de la energia generada ha tenido un origen renovable. Por último, la generación hidráulica a pesar
de mantenerse líder a la hora de marcar el precio marginal reduce su importancia del 56% de abril 2023 al 47% en mayo
2023 en favor del ciclo combinado que pasa de un 9% al 22%. Por su parte, las renovables marcan el 32% de las horas.
19/06/2023 - 13:13 
MERCADO DEL GAS
Los precios spot del MIBGAS y TTF cierran de media en 28,71 y 31,57 €/MWh respectivamente, una reducción del 24% en el
caso de MIBGAS y un 26 % en el caso del TTF respecto al mes anterior. En el mercado de futuros, se observan reducciones
por encima del 25% para los últimos dos trimestres del año 2023 y reducciones en torno al 20% para los productos del año
2024.
El precio del Brent se cae un 11% hasta los 75,55 $/bbl, el mercado de futuros registra abaratamientos en torno al 6% hasta
2024. Por su parte, el tipo de cambio $/€ se sitúa en 1,0871 $/€ en el mercado SPOT y en torno al 1,08 $/€ en los productos
del 2023.
La demanda total de gas en España se mantiene estable respecto al mes de abril 2023, asimismo, si comparamos el nivel de
demanda respecto al mes de mayo 2022 podemos observar como la demanda del sector convencional se mantiene mientras
que se puede observar una leve reducción en torno al 5% de la demanda del sector eléctrico.
Por último, los niveles de almacenamiento de gas a nivel europeo continúan incrementándose, observándose la correlación
inversa con el precio del gas natural.
19/06/2023 - 13:13 
EMISIONES CO2
La cotización de precios de los derechos de emisión de CO2 se reduce hasta los 83,89 €/Tn. No obstante, se mantiene la
importante volatilidad de precios puesto que el valor diario durante el mes de mayo ha oscilado a lo largo del mes entre los
87,73 €/Tn y 78,89 €/Tn.
19/06/2023 - 13:13",8,Down,Long
